place_id,name,address,phone,website,faith_tradition,primary_type,latitude,longitude,rating,review_count,business_status,city,state,zip_code,vertical,created_at,AreaBuilding,AreaBuildingDefinitionCode,Area1stFloor,Area2ndFloor,AreaLotSF,AreaLotAcres,AreaGross,AreaGarage,BasementArea,AtticArea,AtticFlag,Depth,Frontage,ParkingSpaces,MelissaResults,LookupError,FetchedAt,BusinessCoderResults,TotalContacts,BC_CompanyName,BC_MelissaEnterpriseKey,ContactLookupError,Contact1_NameFirst,Contact1_NameLast,Contact1_Gender,Contact1_Title,Contact1_Email,Contact1_ContactPhone,Contact2_NameFirst,Contact2_NameLast,Contact2_Gender,Contact2_Title,Contact2_Email,Contact2_ContactPhone,Contact3_NameFirst,Contact3_NameLast,Contact3_Gender,Contact3_Title,Contact3_Email,Contact3_ContactPhone,Contact4_NameFirst,Contact4_NameLast,Contact4_Gender,Contact4_Title,Contact4_Email,Contact4_ContactPhone,Contact5_NameFirst,Contact5_NameLast,Contact5_Gender,Contact5_Title,Contact5_Email,Contact5_ContactPhone
ChIJXW08OAp-8ogROw2nHrwhd0Q,Temple B'nai Israel,"3917 Gillionville Rd, Albany, GA 31721, USA",(229) 446-6536,https://tbialbanyga.org/,Synagogue,synagogue,31.5877585,-84.2528033,5,4,OPERATIONAL,Albany,GA,31721,places_of_worship,2026-05-24 16:49:23,0.00,,0,0,1129075,25.92,0,,0,0,,,,,"YS02,YS07,YC01",,2026-05-27 19:45:24,"AS01,FE01,GS05",,Temple B'Nai Israel,,,,,,,,,,,,,,,,,,,,,,,,,,,,,,,,
ChIJiW4kXXJt9ogRLjquuu4Bklg,Congregation Children of Israel,"115 Dudley Dr, Athens, GA 30606, USA",(706) 850-1212,http://www.ccisrael.org/,Synagogue,synagogue,33.9421962,-83.4026932,4.6,9,OPERATIONAL,Athens,GA,30606,places_of_worship,2026-05-24 16:41:19,0.00,,0,0,260489,5.98,0,,0,0,,,,,"YS02,YS07,YC01",,2026-05-27 19:45:24,"AS01,DA30,DA40,FS01,FS02,FS04,FS05,FS07,GS05",2,Congregation Children of Israel,377272040,,Linder,Eric,M,Religious Leader,,7068501212,Sherman,Ken,M,Executive Officer,ksherman@ccisrael.org,7068501212,,,,,,,,,,,,,,,,,,
ChIJEfy7pIQG9YgRw_Gakl5qm2M,Congregation Shearith Israel,"1180 University Dr NE, Atlanta, GA 30306, USA",(404) 873-1743,https://www.shearithisrael.com/,Synagogue,synagogue,33.7911867,-84.3485098,4.6,29,OPERATIONAL,Atlanta,GA,30306,places_of_worship,2026-05-24 16:33:48,0.00,,0,0,19654,0.451,0,,0,0,,,,,"YS02,YS07,YS05,YC02",,2026-05-27 19:45:24,"AS01,DA00,DA20,DA30,DA40,FS01,FS02,FS04,FS05,GS05",1,Congregation Shearith Israel,958788733,,Hillel,Norry,M,,shearithisrael@shearithisrael.com,,,,,,,,,,,,,,,,,,,,,,,,,
ChIJv4umjpcO9YgRuAhJpRCJrsY,Congregation B'nai Torah,"700 Mount Vernon Hwy NE, Atlanta, GA 30328, USA",(404) 257-0537,http://www.bnaitorah.org/,Synagogue,synagogue,33.9293341,-84.3630266,4.3,18,OPERATIONAL,Atlanta,GA,30328,places_of_worship,2026-05-24 16:43:34,0.00,,0,0,64468,1.48,0,,0,0,,,,,"YS02,YS07,YC01",,2026-05-27 19:45:24,"AS01,DA30,DA40,FS01,FS04,FS05,FS07,GS05",3,Congregation B'Nai Torah,860826408,,Donald,Kaye,U,Execuitive Director,execdir@bnaitorah.org,4042570537,Heller,Joshua,M,Religious Leader,rabbi@bnaitorah.org,4042571733,Joshua,Heller,M,,j@bnaitorah.org,,,,,,,,,,,,,
ChIJs6rytT3Y5IgRwVSxhhZsqmA,Temple Beth Tefilloh,"1326 Egmont St, Brunswick, GA 31520, USA",(912) 265-7575,http://bethtefilloh.org/,Synagogue,synagogue,31.1485908,-81.4911935,5,9,OPERATIONAL,Brunswick,GA,31520,places_of_worship,2026-05-24 16:50:14,0.00,,0,0,8638,0.198,0,,0,0,,,,,"YS02,YS07,YC01",,2026-05-27 19:45:24,"AS01,DA30,FS01,FS02,FS04,FS05,FS07,GS05",1,Temple Beth Tefilloh,570681571,,Snell,Stacy,F,Chief Executive Officer,,9122657575,,,,,,,,,,,,,,,,,,,,,,,,
ChIJ2dq4e5HLjIgRtp5CiyecJL0,Shearith Israel Synagogue,"6727 River Rd, Columbus, GA 31904, USA",(706) 323-1443,https://www.shearithisrael.net/,Synagogue,synagogue,32.5431962,-84.9967046,4.9,9,OPERATIONAL,Columbus,GA,31904,places_of_worship,2026-05-24 16:36:28,0.00,,0,0,101059,2.32,0,,0,0,,,,,"YS02,YS07,YC01",,2026-05-27 19:45:24,"AS01,DA30,FS01,FS02,FS04,FS05,FS07,GS05",1,Shearith Israel Synagogue,944894240,,Borkat,Dan,M,Chief Executive Officer,,7063231443,,,,,,,,,,,,,,,,,,,,,,,,
ChIJ_X2wiCHNjIgRU3Y8nq2g_CM,Temple Israel,"1617 Wildwood Ave, Columbus, GA 31906, USA",(706) 323-1617,http://www.templeisraelga.com/,Synagogue,synagogue,32.4765572,-84.958758,4.9,16,OPERATIONAL,Columbus,GA,31906,places_of_worship,2026-05-24 16:36:28,0.00,,0,0,142441,3.27,0,,0,0,,,,,"YS02,YS07,YC01",,2026-05-27 19:45:24,"AS01,DA30,DA40,FS01,FS02,FS04,FS05,GS05",2,Temple Israel,505857231,,Jonathan,Liss,M,President,,7063231617,Lieberman,Marvin,M,Chief Executive Officer,mlieberman@columbusjudaism.org,7063231617,,,,,,,,,,,,,,,,,,
ChIJO2vASocN9YgRFGpTNUj2WLE,Congregation Etz Chaim,"1190 Indian Hills Pkwy NE, Marietta, GA 30068, USA",(770) 973-0137,http://www.etzchaim.net/,Synagogue,synagogue,33.9774376,-84.4353323,4.6,37,OPERATIONAL,Marietta,GA,30068,places_of_worship,2026-05-24 16:35:32,0.00,,0,0,257004,5.9,0,,0,0,,,,,"YS02,YS07,YC01",,2026-05-27 19:45:24,"AS01,DA30,DA40,FS01,FS02,FS04,FS05,FS07,GS05",5,Congregation ETZ Chaim,380738470,,Debbie,Deutsch,F,,debbie@etzchaim.net,,Gary,Prager,M,,gary@etzchaim.net,,Gilbert,Marty,M,Executive Director,martin@etzchayim.org,7709730137,Shalom,Lewis,U,,r.lewis@etzchaim.net,,Shrago,Marsha,F,Vice President,marsha@etzchaim.net,7709730137
ChIJnTJBi_US9YgRvU4Ek4_H7CE,Temple Kol Emeth,"1415 Old Canton Rd, Marietta, GA 30062, USA",(770) 973-3533,http://www.kolemeth.net/,Synagogue,synagogue,33.983667,-84.4634593,4.7,15,OPERATIONAL,Marietta,GA,30062,places_of_worship,2026-05-24 16:35:04,0.00,,0,0,330185,7.58,0,,0,0,,,,,"YS02,YS07,YC01",,2026-05-27 19:45:24,"AS01,DA20,DA30,DA40,FS01,FS02,FS04,FS05,FS07,GS05",3,Temple KOL Emeth,746128611,,Lebow,Steven,M,Religious Leader,rabbilebow@kolemeth.net,7709733533,Steve,LeBow,U,Principal,s.lebow@kolemeth.net,7709733533,Steven,LeBow,M,Principal,stephenlebow@kolemeth.net,7709733533,,,,,,,,,,,,
ChIJC47mq1Zz9YgRBVS8DoyDjJc,Temple Kehillat Chaim,"1145 Green St, Roswell, GA 30075, USA",(770) 641-8630,http://www.kehillatchaim.org/,Synagogue,synagogue,34.0297102,-84.3592018,4.9,22,OPERATIONAL,Roswell,GA,30075,places_of_worship,2026-05-24 16:34:56,0.00,,0,0,15577,0.358,0,,0,0,,,,,"YS02,YS07,YS05,YC02",,2026-05-27 19:45:24,"AS01,DA30,DA40,FS01,FS02,FS04,FS05,FS07,GS05",3,Temple Kehillat Chaim,113642831,,Harvey,Winokur,M,Religious Leader,rabbi@kehillatchaim.org,7706418630,Harvey,Winokur,U,Religious Leader,hwinokur@kehillatchaim.org,7706418630,Winokur,Harvey,M,Religious Leader,tkcrabbi@gmail.com,7706418630,,,,,,,,,,,,
ChIJAZbrS58L9YgRH0wdxqCMfhw,Temple Emanu-El of Atlanta,"1580 Spalding Dr, Sandy Springs, GA 30350, USA",(770) 395-1340,https://templeemanuelatlanta.org/,Synagogue,synagogue,33.975,-84.3336111,4.5,38,OPERATIONAL,Sandy Springs,GA,30350,places_of_worship,2026-05-24 16:38:59,0.00,,0,0,686941,15.77,0,,0,0,,,,,"YS02,YS07,YC01",,2026-05-27 19:45:24,"AS01,DA20,DA30,DA40,FS01,GS05",9,Temple Emanu-El of Atlanta,660111611,,Allison,Gelman,F,"Manager, Strengthening Congregations",algelman@urj.org,,Andi,Solomon,U,Assistant Director,asolomon@urj.org,,Donetta,Vanhuss,F,Bookkeeper,dvanhuss@urj.org,,Jaimee,Boettcher,F,Development Director,jboettcher@urj.org,,Karen,Kushner,F,Rabbi,kkushner@urj.org,
ChIJUUFfSj8O9YgRq5DPSbVhVcs,Temple Sinai,"5645 Dupree Dr NW, Sandy Springs, GA 30327, USA",(404) 252-3073,http://www.templesinaiatlanta.org/,Synagogue,synagogue,33.9103122,-84.4179529,4.7,76,OPERATIONAL,Sandy Springs,GA,30327,places_of_worship,2026-05-24 16:33:48,0.00,,0,0,664725,15.26,0,,0,0,,,,,"YS02,YS07,YC01",,2026-05-27 19:45:24,"AS01,DA30,FS01,FS02,FS04,FS05,GS05",,Temple Sinai,149502963,,,,,,,,,,,,,,,,,,,,,,,,,,,,,,,
ChIJM6UH8hIF9YgRjhisyyPEALU,Ahavath Achim Synagogue,"600 Peachtree Battle Ave NW, Atlanta, GA 30327, USA",(404) 355-5222,https://aasynagogue.org/,Synagogue,synagogue,33.8234383,-84.4087375,4.5,40,OPERATIONAL,Atlanta,GA,30327,places_of_worship,2026-05-24 16:36:19,"83,756.00",13,83756,0,509652,11.7,83756,,0,0,,,,,"YS02,YS07,YC01",,2026-05-27 19:45:24,"AS01,DA00,DA30,DA40,FS01,FS02,FS04,FS05,FS07,GS05",15,Ahavath Achim Synagogue,710135033,,Anne,Cohen,F,Director Of Marketing And Community Relations,,,Bailey,Olim,U,Historian  Secretary,,4043555222,Fern,Schorr,U,Receptionist  Admin Support,fschorr@aasynagogue.org,4043555222,Gabrielle,Adler,F,Director Of Engagement,,4046035749,Gail,Solomon,F,,,
ChIJJ7JC0InN-YgRCA84xuTFZ6I,Walton Way Temple Congregation,"3005 Walton Wy, Augusta, GA 30909, USA",(706) 738-8579,,Synagogue,synagogue,33.4815732,-82.0402779,5,2,OPERATIONAL,Augusta,GA,30909,places_of_worship,2026-05-24 16:37:14,"29,581.00",16,13965,0,64469,1.48,29581,,0,0,,,,,"YS02,YS07,YC01",,2026-05-27 19:45:24,"AS01,DA20,DA30,DA40,DA50,FS01,FS04,FS05,GS05",1,Walton Way Temple Congregation,679490922,,Klensin,Robert,M,Religious Leader,waltonway@bellsouth.net,7067363140,,,,,,,,,,,,,,,,,,,,,,,,
ChIJJ7JC0InN-YgRqciLWJqZQmE,Congregation Children of Israel,"3005 Walton Wy, Augusta, GA 30909, USA",(706) 736-3140,https://cciaugusta.org/,Synagogue,synagogue,33.4816397,-82.0403147,4.9,21,OPERATIONAL,Augusta,GA,30909,places_of_worship,2026-05-24 16:37:14,"29,581.00",16,13965,0,64469,1.48,29581,,0,0,,,,,"YS02,YS07,YC01",,2026-05-27 19:45:24,"AS01,DA20,DA30,DA40,FS01,FS02,FS04,FS05,FS07,GS05",1,Congregation Children of Israel,679490922,,Klensin,Robert,M,Religious Leader,waltonway@bellsouth.net,7067363140,,,,,,,,,,,,,,,,,,,,,,,,
ChIJEafv_5l1-4gRaOzf7esfuKQ,Congregation Bnai Brith Jacob,"5444 Abercorn St, Savannah, GA 31405, USA",(912) 354-7721,https://bbjsynagogue.com/,Synagogue,synagogue,32.0261744,-81.1083672,4.9,41,OPERATIONAL,Savannah,GA,31405,places_of_worship,2026-05-24 16:38:11,"28,546.00",16,31706,0,80673,1.852,28546,,0,0,,,,,"YS02,YS07,YC01",,2026-05-27 19:45:24,"AS01,DA30,FS01,FS02,FS04,FS05,FS07,GS05",3,Congregation BNAI Brith Jacob,104676045,,Avigdor,Slatus,M,Religious Leader,,9123547721,Dan,Gaul,M,Nurse,,9123547721,Slatus,Avigdor,U,Religious Leader,,9123547721,,,,,,,,,,,,
ChIJ2f3DO6J1-4gRns24HD7E1WI,Congregation Agudath Achim,"9 Lee Blvd, Savannah, GA 31405, USA",(912) 352-4737,http://www.agudath-achim.com/,Synagogue,synagogue,32.0198243,-81.1128109,4.8,17,OPERATIONAL,Savannah,GA,31405,places_of_worship,2026-05-24 16:38:11,"27,534.00",16,0,0,106983,2.456,27534,,0,0,,,,,"YS02,YS07,YC01",,2026-05-27 19:45:24,"AS01,DA30,FS01,FS02,FS04,FS05,FS07,GS05",2,Congregation Agudath Achim,455252826,,Kenneth,Leitner,M,Religious Leader,,9123524737,Locker,Motti,M,Executive Director,,9123524737,,,,,,,,,,,,,,,,,,
ChIJC1HStCEM9YgRC8dX1pO6CVI,Congregation Or Hadash,"7460 Trowbridge Rd, Sandy Springs, GA 30328, USA",(404) 250-3338,http://www.or-hadash.org/,Synagogue,synagogue,33.9594353,-84.3620335,4.8,24,OPERATIONAL,Sandy Springs,GA,30328,places_of_worship,2026-05-24 16:43:34,"26,355.00",13,26355,0,115826,2.659,26355,,0,0,,,,,"YS02,YS07,YC01",,2026-05-27 19:45:24,"AS01,DA30,DA40,FS01,FS02,FS04,FS05,FS07,GS05",3,Congregation or Hadash,362407581,,Boettcher,Jaimee,F,Administrator,boettcherj@or-hadash.org,4042503338,Karpuj,Mario,M,Religious Leader,rabbimario@or-hadash.org,4042503338,Mario,Karpuj,M,,,4042503338,,,,,,,,,,,,
ChIJc_HJYwC19YgRvkBexOmYPUs,TWOY,"1419 Old McDonough Hwy, Conyers, GA 30094, USA",,,Synagogue,synagogue,33.6528348,-84.0118676,,,OPERATIONAL,Conyers,GA,30094,places_of_worship,2026-05-24 16:46:58,"22,252.00",16,14000,0,84506,1.94,22252,,0,0,,,,,"YS02,YS07,YC01",,2026-05-27 19:45:24,"AS01,DA20,FS01,FS04,GS05",1,TWOY,742584596,,Henry,Smith,M,,,,,,,,,,,,,,,,,,,,,,,,,,,
ChIJRWP_Or7N-YgRt15t7M-dqJ4,Adas Yeshurun Synagogue,"935 Johns Rd, Augusta, GA 30904, USA",(706) 733-9491,https://www.aysaugusta.org/,Synagogue,synagogue,33.4759669,-82.0180864,5,10,OPERATIONAL,Augusta,GA,30904,places_of_worship,2026-05-24 16:37:14,"19,258.00",16,19258,0,91040,2.09,19258,,0,0,,,,,"YS02,YS07,YC01",,2026-05-27 19:45:24,"AS01,DA30,DA40,FS01,FS02,FS04,FS05,GS05",1,Adas Yeshurun Synagogue,588601074,,Warren,Umansky,M,Vice President,wumansky@knology.net,,,,,,,,,,,,,,,,,,,,,,,,,
ChIJi9B7FlSf9YgRag7K-_Pyhjw,Congregation Dor Tamid,"11165 Parsons Rd, Johns Creek, GA 30097, USA",(770) 623-8860,http://www.dortamid.org/,Synagogue,synagogue,34.0527362,-84.1978338,4.4,14,OPERATIONAL,Johns Creek,GA,30097,places_of_worship,2026-05-24 16:34:16,"17,035.00",13,17035,0,444616,10.207,17035,,0,0,,,,,"YS02,YS07,YC01",,2026-05-27 19:45:24,"AS01,DA20,DA30,DA40,FS01,FS02,FS04,GS05",2,Congregation DOR Tamid,490386374,,Mike,Zuspan,M,,mzuspan@dortamid.com,,Sheila,Purdin,U,Owner  Human Resources Executives,,,,,,,,,,,,,,,,,,,,
ChIJ9ZghHUwG9YgR1lIY4Ayn5kA,Congregation Ohr HaTorah,"2056 Lavista Rd, Atlanta, GA 30329, USA",(404) 315-1417,http://www.ohrhatorahatl.org/,Synagogue,synagogue,33.8155056,-84.3190071,4.6,34,OPERATIONAL,Atlanta,GA,30329,places_of_worship,2026-05-24 16:36:47,"14,180.00",13,0,0,146362,3.36,14180,,0,0,,,,,"YS02,YS07,YC01",,2026-05-27 19:45:24,"AS01,DA20,DA30,FS01,FS04,FS05,FS07,GS05",1,Congregation OHR Hatorah,276854603,,Starr,Adam,M,Religious Leader,,4043151417,,,,,,,,,,,,,,,,,,,,,,,,
ChIJi_z31Wue-4gROQ6ypTl_jmo,Congregation Mickve Israel,"20 E Gordon St, Savannah, GA 31401, USA",(912) 233-1547,http://mickveisrael.org/,Synagogue,synagogue,32.0708706,-81.0938508,4.8,222,OPERATIONAL,Savannah,GA,31401,places_of_worship,2026-05-24 16:38:11,"12,862.00",16,0,0,10799,0.248,12862,,0,0,,,,,"YS02,YS07,YC01",,2026-05-27 19:45:24,"AS01,DA30,DA40,FS01,FS02,FS04,FS05,FS07,GS05",5,Congregation Mickve Israel,137623576,,Debbie,Owen,F,Financial Director,dowen@mickveisrael.org,9122331547,Glenda,McNew,F,Welcome Specialist,gmcnew@mickveisrael.org,9122331547,Haas,Robert,M,Religious Leader,rhaas@mickveisrael.org,9122331547,Rich,Jennifer,F,Executive Director,,9122331547,Robert,Haas,M,,,9122331547
ChIJlx6mIeIO9YgRAHgHPxdZVvs,Kesher Torah,"5075 Roswell Rd, Sandy Springs, GA 30342, USA",(470) 746-6627,http://keshertorahatlanta.org/,Synagogue,synagogue,33.893261,-84.3807069,4.8,16,OPERATIONAL,Sandy Springs,GA,30342,places_of_worship,2026-05-24 16:41:57,"10,414.00",13,10414,0,63597,1.46,10414,,0,0,,,,,"YS02,YS07,YC01",,2026-05-27 19:45:24,"AE09,AS02,AS17,DA20,DA30,DA40,FS01,GS05",1,Kesher Torah,496010398,,Todd,O'Malley,M,Executive,tomalley@warrenenvironment.com,,,,,,,,,,,,,,,,,,,,,,,,,
ChIJ7T64t2L-84gR4U95NC9iLpo,Temple Beth Israel,"892 Cherry St, Macon, GA 31201, USA",(478) 745-6727,http://tbimacon.org/,Synagogue,synagogue,32.8390987,-83.6336227,4.4,15,OPERATIONAL,Macon,GA,31201,places_of_worship,2026-05-24 16:46:27,"10,264.00",16,10264,0,16988,0.39,10264,,0,0,,,,,"YS02,YS07,YC01",,2026-05-27 19:45:24,"AS01,DA30,FS01,FS02,FS04,FS05,FS07,GS05",1,Temple Beth Israel,338337574,,Schlesinger,Lawrence,M,Religious Leader,,4787456727,,,,,,,,,,,,,,,,,,,,,,,,
ChIJ_zepM0G69YgREdKsQfPx3X0,Temple Beth David,"1885 McGee Rd SW, Snellville, GA 30078, USA",(770) 978-3916,https://www.tbdga.org/,Synagogue,synagogue,33.8593462,-84.042235,4.8,31,OPERATIONAL,Snellville,GA,30078,places_of_worship,2026-05-24 16:34:07,"8,073.00",13,8073,0,147888,3.395,8073,,0,0,,,,,"YS02,YS07,YC01",,2026-05-27 19:45:24,"AS01,DA20,DA30,FS01,FS02,FS04,FS05,FS07,GS05",1,Temple Beth David,124568939,,Kirzner,Bob,M,Religious Leader,,7709783916,,,,,,,,,,,,,,,,,,,,,,,,
ChIJB7BLM2EG9YgRn8HLMlxSosg,Congregation Shaarei Shamayim,"1600 Mt Mariah Rd, Atlanta, GA 30329, USA",(404) 417-0472,http://www.shaareishamayim.com/,Synagogue,synagogue,33.828183,-84.3233467,4.9,16,OPERATIONAL,Atlanta,GA,30329,places_of_worship,2026-05-24 16:33:48,"7,000.00",13,0,0,33541,0.77,7000,,0,0,,,,,"YS02,YS07,YC01",,2026-05-27 19:45:24,"AS01,DA30,DA40,FS01,FS02,FS04,FS05,FS07,GS05",1,Congregation Shaarei Shamayim,582195865,,Kunis,Mark,M,Religious Leader,rabbikunis@shaareishamayium.com,4044170472,,,,,,,,,,,,,,,,,,,,,,,,
ChIJoxXwceNm7ogR6fbIGxUIIFs,Temple Israel,"511 Baytree Rd, Valdosta, GA 31602, USA",(229) 244-1813,http://www.templeisrael-valdosta.org/,Synagogue,synagogue,30.8464735,-83.2977091,4.7,14,OPERATIONAL,Valdosta,GA,31602,places_of_worship,2026-05-24 16:45:47,"6,779.00",16,0,0,40075,0.92,6779,,0,0,,,,,"YS02,YS07,YC01",,2026-05-27 19:45:24,"AS01,DA30,DA40,FS01,FS02,FS04,FS05,FS07,GS05",2,Temple Israel,298548650,,Cassandra,Hicks,U,Graphic Designer,chicks@templeisraelomaha.com,4025566189,Elbac,M,M,Religious Leader,,2292441813,,,,,,,,,,,,,,,,,,
ChIJ8ekgqihmX4gR0VEbMLKgcYg,Shalom b'Harim,"3415 Stancil Rd, Gainesville, GA 30506, USA",(561) 251-8075,http://shalombharim.org/,Synagogue,synagogue,34.361529,-83.7903186,5,12,OPERATIONAL,Gainesville,GA,30506,places_of_worship,2026-05-24 16:38:50,"5,250.00",16,6570,0,204732,4.7,5250,,0,0,,,,,"YS02,YS07,YC01",,2026-05-27 19:45:24,"AS01,DA20,DA30,FS01,FS04,GS05",,Shalom B'Harim,521156020,,,,,,,,,,,,,,,,,,,,,,,,,,,,,,,
ChIJIzHEpToK9YgR2nBipWJuDtU,Congregation Ariel,"5237 Tilly Mill Rd, Dunwoody, GA 30338, USA",(770) 390-9071,https://www.congariel.org/,Synagogue,synagogue,33.94454,-84.3004645,4.8,48,OPERATIONAL,Dunwoody,GA,30338,places_of_worship,2026-05-24 16:33:48,"4,167.00",10,4167,0,141570,3.25,5559,,1392,0,,,,,"YS02,YS07,YC01",,2026-05-27 19:45:24,"AS01,DA20,DA30,DA40,FS01,FS02,FS04,FS05,FS07,GS05",3,Congregation Ariel,559943513,,Binyomin,Friedman,U,,,7703909071,Friedman,Binyomin,M,Religious Leader,bfriedman@congariel.org,7703909071,Kalwerisky,Debbie,F,Executive Director,debbiek@congariel.org,7703909071,,,,,,,,,,,,
ChIJHcL5mCcP9YgRHTbtjnl_zXs,Congregation Beth Tefillah,"5065 High Point Rd NE, Atlanta, GA 30342, USA",(404) 843-2464,http://www.bethtefillah.org/,Synagogue,synagogue,33.8927333,-84.3668155,4.8,54,OPERATIONAL,Atlanta,GA,30342,places_of_worship,2026-05-24 16:33:48,"3,963.00",16,3963,0,99142,2.276,3963,,1003,0,,,,,"YS02,YS07,YC01",,2026-05-27 19:45:24,"AS01,DA30,DA40,FS01,FS02,FS04,FS05,FS07,GS05",2,Congregation Beth Tefillah,782102772,,Debbie,Kalweriky,F,Exec Director,,,Yossi,New,M,RELIGIOUS LEADER,ynew@bethtefillah.org,,,,,,,,,,,,,,,,,,,
ChIJUeCDTBUP9YgR7E1CFwY5RH4,Ohev Shalom Men's Mikvah,"5065 High Point Rd NE, Atlanta, GA 30342, USA",(404) 843-2464,https://www.bethtefillah.org/,Synagogue,synagogue,33.8927333,-84.3668155,5,1,OPERATIONAL,Atlanta,GA,30342,places_of_worship,2026-05-24 16:41:57,"3,963.00",16,3963,0,99142,2.276,3963,,1003,0,,,,,"YS02,YS07,YC01",,2026-05-27 19:45:24,"AS01,DA20,DA30,DA40,FS01,FS05,FS07,GS05",2,OHEV Shalom Men's Mikvah,782102772,,Debbie,Kalweriky,F,Exec Director,,,Yossi,New,M,RELIGIOUS LEADER,ynew@bethtefillah.org,,,,,,,,,,,,,,,,,,,
ChIJ4UrcwdIH9YgRofgjLWT3QH0,Congregation Bet Haverim,"2074 Lavista Rd, Atlanta, GA 30329, USA",(404) 315-6446,http://www.congregationbethaverim.org/,Synagogue,synagogue,33.8160028,-84.3174972,4.7,21,OPERATIONAL,Atlanta,GA,30329,places_of_worship,2026-05-24 16:33:48,"3,284.00",10,3104,0,18731,0.43,3284,,0,0,,,,,"YS02,YS07,YC01",,2026-05-27 19:45:24,"AS01,DA30,DA40,FS01,FS02,FS04,FS05,FS07,GS05",2,Congregation Bet Haverim,163487289,,Lesser,Joshua,M,Religious Leader,lfischer@cbhatlanta.com,4043156446,Robertson,Amy,F,Executive Director,,4043156446,,,,,,,,,,,,,,,,,,
ChIJVybZgUYG9YgRUkhwTvDj3No,Ner HaMizrach,"1858 Lavista Rd NE, Atlanta, GA 30329, USA",(404) 315-9020,https://nerhamizrach.com/,Synagogue,synagogue,33.8168761,-84.325502,4.9,17,OPERATIONAL,Atlanta,GA,30329,places_of_worship,2026-05-24 16:36:47,"2,848.00",10,2720,0,27878,0.64,2976,,0,0,,,,,"YS02,YS07,YC01",,2026-05-27 19:45:24,"AS01,DA20,DA30,FS01,FS04,GS05",,NER Hamizrach,242412371,,,,,,,,,,,,,,,,,,,,,,,,,,,,,,,
ChIJvdT5eX_w74gRstLISDqq2dc,Waycross Hebrew Center,"610 Screven Ave, Waycross, GA 31501, USA",,,Synagogue,synagogue,31.2177478,-82.3473964,4.6,7,OPERATIONAL,Waycross,GA,31501,places_of_worship,2026-05-24 16:55:54,"2,790.00",16,2790,0,14375,0.33,2790,,0,0,,,,,"YS02,YS07,YC01",,2026-05-27 19:45:24,"AS01,DA30,DA50,FS01,FS02,FS04,GS05",,Waycross Hebrew Center,192556792,,,,,,,,,,,,,,,,,,,,,,,,,,,,,,,
ChIJXVQYHU8G9YgRJ9fUcz5Ygic,New Toco Shul,"2003 Lavista Rd NE, Atlanta, GA 30329, USA",,http://newtocoshul.com/,Synagogue,synagogue,33.8147358,-84.3201036,4.8,16,OPERATIONAL,Atlanta,GA,30329,places_of_worship,2026-05-24 16:47:30,"2,015.00",13,1437,0,21780,0.5,2015,,0,0,,,,,"YS02,YS07,YC01",,2026-05-27 19:45:24,"AS01,FE01,GS05",,New TOCO SHUL,,,,,,,,,,,,,,,,,,,,,,,,,,,,,,,,
ChIJuc5R9JOd-4gR88hexpPs8hc,Jewish Chapel,"312 Bonaventure Rd, Thunderbolt, GA 31404, USA",(912) 354-7721,https://www.bonaventurehistorical.org/find-a-plot/,Synagogue,synagogue,32.0429455,-81.0490338,,,OPERATIONAL,Thunderbolt,GA,31404,places_of_worship,2026-05-24 16:48:14,"1,944.00",10,1512,0,10454,0.24,0,,0,0,,,,,"YS02,YS07,YC01",,2026-05-27 19:45:24,"AS01,FE01,GS05",,Jewish Chapel,,,,,,,,,,,,,,,,,,,,,,,,,,,,,,,,
ChIJP1pwmAoK9YgReCU8iTy68BY,"Congregation Beth Shalom - Atlanta, GA","5303 Winters Chapel Rd, Dunwoody, GA 30360, USA",(770) 399-5300,https://www.bethshalom.net/,Synagogue,synagogue,33.951935,-84.270875,4.8,17,OPERATIONAL,Dunwoody,GA,30360,places_of_worship,2026-05-24 16:33:48,"1,820.00",10,1820,0,250470,5.75,1820,,0,0,,,,,"YS02,YS07,YC01",,2026-05-27 19:45:24,"AS01,DA20,DA30,DA40,FS01,FS04,FS05,GS05",3,"Congregation Beth Shalom - Atlanta, GA",383062895,,Mark,Zimmerman,M,,ravmark@zimmerman.net,,Norman,Rosner,U,Chrm President R And D Sales And Marketing Manager,,7703995300,Zimmerman,Mark,M,Religious Leader,marcus.azimmerman@bshalom.net,7703995300,,,,,,,,,,,,
ChIJIeFz2CrT-YgRJLe5bHg0Vjs,Chabad of Augusta,"3924 Old Furys Ferry Rd, Martinez, GA 30907, USA",(706) 722-7659,https://chabadaugusta.org/,Synagogue,synagogue,33.5428901,-82.0887134,4.9,39,OPERATIONAL,Martinez,GA,30907,places_of_worship,2026-05-24 16:37:14,"1,759.00",20,0,0,119790,2.75,0,,0,0,,,,,"YS02,YS07,YC01",,2026-05-27 19:45:24,"AS01,DA20,DA30,DA40,FS01,FS02,FS04,FS05,FS07,GS05",2,Chabad of Augusta,147209399,,Fischer,Solomon,M,Chief Executive Officer,rabbi@chabadaugusta.org,7067227659,Zalman,Fischer,M,,z.fischer@chabadaugusta.org,,,,,,,,,,,,,,,,,,,
ChIJ_zY-X0KJ8IgRxZlsgNEsqlc,Beth Israel Synagogue,"818 Aimwell Rd, Vidalia, GA 30474, USA",,,Synagogue,synagogue,32.2018451,-82.4022654,5,3,OPERATIONAL,Vidalia,GA,30474,places_of_worship,2026-05-24 17:00:57,"1,600.00",11,1600,0,63162,1.45,0,,0,0,,,,,"YS02,YS07,YC01",,2026-05-27 19:45:24,"AS03,FE01,GS05",,Beth Israel Synagogue,,,,,,,,,,,,,,,,,,,,,,,,,,,,,,,,
ChIJUeTYGNYH9YgR83woxJGj9vU,Chabad of Toco Hills,"1229 Jody Ln NE, Atlanta, GA 30329, USA",(404) 337-6116,http://www.chabadtoco.com/,Synagogue,synagogue,33.8153923,-84.320516,4.9,11,OPERATIONAL,Atlanta,GA,30329,places_of_worship,2026-05-24 16:47:30,"1,480.00",10,1480,0,21344,0.49,1480,,0,0,,,,,"YS02,YS07,YC01",,2026-05-27 19:45:24,"AS01,DA20,DA30,FS01,FS04,GS05",1,Chabad of TOCO Hills,990025909,,Lalo,Raphael,M,Owner,,4043338347,,,,,,,,,,,,,,,,,,,,,,,,
ChIJsxQ51a6f9YgRN1P1FabfkSo,Congregation Gesher L'Torah,"4320 Kimball Bridge Rd, Alpharetta, GA 30022, USA",(770) 777-4009,http://wearegesher.org/,Synagogue,synagogue,34.054235,-84.2333123,4.8,38,OPERATIONAL,Alpharetta,GA,30022,places_of_worship,2026-05-24 16:34:16,"1,160.00",13,1160,0,65340,1.5,1160,,1160,0,,,,,"YS02,YS07,YC01",,2026-05-27 19:45:24,"AS01,DA20,DA30,FS01,FS04,GS05",2,Congregation Gesher L'Torah,233761842,,Fried,Sandy,F,Manager,,,Sandy,Fried,F,,,,,,,,,,,,,,,,,,,,,
ChIJZ6RH2ZtWi4gR59VOXZ7pIlU,Congregation Beth El,"210 Church St, LaGrange, GA 30240, USA",(706) 837-9090,,Synagogue,synagogue,33.0419241,-85.0317297,,,OPERATIONAL,LaGrange,GA,30240,places_of_worship,2026-05-24 16:49:17,888.00,16,0,0,4356,0.1,888,,0,0,,,,,"YS02,YS07,YC01",,2026-05-27 19:45:24,"AS01,FE01,GS05",,Congregation Beth El,,,,,,,,,,,,,,,,,,,,,,,,,,,,,,,,
ChIJZXVJUy51YIgRviiGkk5Lpqs,Temple Beth El,"501 Valley Dr, Dalton, GA 30720, USA",,,Synagogue,synagogue,34.7671908,-84.9736048,3.7,3,OPERATIONAL,Dalton,GA,30720,places_of_worship,2026-05-24 16:38:50,528.00,16,0,0,30056,0.69,528,,0,0,,,,,"YS02,YS07,YC01",,2026-05-27 19:45:24,"AS01,AS17,FE01,GS05",,Temple Beth El,,,,,,,,,,,,,,,,,,,,,,,,,,,,,,,,
ChIJd762qR0G9YgRu2B3mB_HLaA,Congregation Or VeShalom,"1681 N Druid Hills Rd, Atlanta, GA 30319, USA",(404) 633-1737,http://www.orveshalom.org/,Synagogue,synagogue,33.8434102,-84.3414205,4.9,35,OPERATIONAL,Atlanta,GA,30319,places_of_worship,2026-05-24 16:33:48,,,,,,,,,,,,,,,YE02,,2026-05-27 19:45:24,"AS01,DA00,DA30,DA40,FS01,FS02,FS04,FS05,GS05",2,Congregation or Veshalom,976186733,,Hayyim,Kassorla,U,Religious Director,rabbi.kassorla@orveshalom.com,,Ramona,Tarica,F,,ramonatarica@tw-cpa.com,,,,,,,,,,,,,,,,,,,
ChIJjY2TIUQG9YgRKxgZle0lutA,Congregation Beth Jacob,"1855 Lavista Rd, Atlanta, GA 30329, USA",(404) 633-0551,http://www.bethjacobatlanta.org/,Synagogue,synagogue,33.8161198,-84.3258787,4.9,119,OPERATIONAL,Atlanta,GA,30329,places_of_worship,2026-05-24 16:33:48,,,,,,,,,,,,,,,YE02,,2026-05-27 19:45:24,"AS01,DA00,DA20,DA30,DA40,FS01,FS04,FS05,FS07,GS05",7,Congregation Beth Jacob,876422021,,Alan,Bell,M,Executive Director,abell@bethjacobatlanta.org,,Gail,Vexler,F,,gvexler@bethjacobatlanta.org,,Ilan,Feldman,U,Rabbi,rabbi@bethjacobatlanta.org,4043200766,Ilan,Feldman,U,Religious Leader,ifeldman@bethjacobatlanta.org,,Mort,Barr,M,Executive Director,mbarr@bethjacobatlanta.org,
ChIJsR0VDSgE9YgRTL_ixWvsNU8,Congregation Anshi S'Fard,"1324 N Highland Ave NE, Atlanta, GA 30306, USA",(404) 969-6763,http://www.anshisfard.org/,Synagogue,synagogue,33.791051,-84.3558891,5,4,OPERATIONAL,Atlanta,GA,30306,places_of_worship,2026-05-24 16:48:08,,,,,,,,,,,,,,,YE02,,2026-05-27 19:45:24,"AS01,FE01,GS06",,Congregation Anshi S'Fard,,,,,,,,,,,,,,,,,,,,,,,,,,,,,,,,
ChIJW9gOWyib9YgRg_77HTLlBdg,Congregation Beth Israel / Jewish Community Center / Chabad Forsyth,"795 Brannon Rd, Cumming, GA 30041, USA",(470) 253-7111,http://jewishforsyth.org/,Synagogue,synagogue,34.1504093,-84.1595289,4.7,31,OPERATIONAL,Cumming,GA,30041,places_of_worship,2026-05-24 16:33:57,,,,,,,,,,,,,,,YE02,,2026-05-27 19:45:24,"AS01,DA20,DA30,FS01,FS04,GS05",1,Congregation Beth Israel / Jewish Community Cente,387533884,,Levi,Mentz,M,,,,,,,,,,,,,,,,,,,,,,,,,,,
ChIJWzHjqvzp8YgRsZ7bfUoKM1E,Fitzgerald Hebrew Congregation,"302 S Lee St, Fitzgerald, GA 31750, USA",(229) 424-9245,,Synagogue,synagogue,31.712289,-83.2556739,4.5,4,OPERATIONAL,Fitzgerald,GA,31750,places_of_worship,2026-05-24 16:59:26,,,,,,,,,,,,,,,YE02,,2026-05-27 19:45:24,"AS01,DA20,DA30,FS01,FS02,FS04,GS05",,Fitzgerald Hebrew Congregation,882856850,,,,,,,,,,,,,,,,,,,,,,,,,,,,,,,
ChIJxSm9vfKf9YgR3CrrcOs9HXg,Mikvah of Alpharetta,"10180 Jones Bridge Rd, Johns Creek, GA 30022, USA",(770) 664-7721,http://www.chabadnf.org/templates/articlecco_cdo/aid/799165/jewish/Mikvah.htm,Synagogue,synagogue,34.0292031,-84.2502559,5,1,OPERATIONAL,Johns Creek,GA,30022,places_of_worship,2026-05-24 16:34:56,,,,,,,,,,,,,,,YE02,,2026-05-27 19:45:24,"AS01,DA20,DA30,DA40,FS01,FS04,FS07,GS05",4,Mikvah of Alpharetta,327040014,,Minkowicz,Hirshy,U,Religious Leader,hirshy@chabadnf.org,7704109000,Minkowicz,Rashi,U,Director,rashi@chabadnf.org,7704109000,Rashi,Minkowicz,U,Director,rashi@chabadnf.org,,Sinasohn,Jeannette,F,Director,j.sinasohn@chabadnf.org,7704109000,,,,,,
ChIJI_GkHnvw9IgR2I73YduuOho,Congregation B'nai Israel,"1633 GA-54, Jonesboro, GA 30238, USA",(678) 817-7162,http://www.bnai-israel.net/,Synagogue,synagogue,33.4821202,-84.4037851,4.9,10,OPERATIONAL,Jonesboro,GA,30238,places_of_worship,2026-05-24 16:40:06,,,,,,,,,,,,,,,"YE03,AE02",,2026-05-27 19:45:24,"AE02,FE01",,Congregation B'Nai Israel,,,,,,,,,,,,,,,,,,,,,,,,,,,,,,,,
ChIJnxIBsH3-84gR5F7Q1EZSf1A,Congregation Sha'arey Israel,"611 1st St, Macon, GA 31201, USA",(478) 745-4571,https://www.csimacon.org/,Synagogue,synagogue,32.834969,-83.6334097,4.6,16,OPERATIONAL,Macon,GA,31201,places_of_worship,2026-05-24 16:46:27,,,,,,,,,,,,,,,YE02,,2026-05-27 19:45:24,"AS01,DA30,DA40,FS01,FS02,FS04,FS05,FS07,GS05",1,Congregation Sha'arey Israel,962553441,,Rubinstein,Aaron,M,Religious Leader,arubinstein@csimacon.org,4787454571,,,,,,,,,,,,,,,,,,,,,,,,
ChIJgR5R49899YgR-0JfV0kJlwE,Congregation Ner Tamid,"1349 Old 41 Hwy NW Suite 220, Marietta, GA 30060, USA",(678) 264-8575,http://mynertamid.info/,Synagogue,synagogue,33.9783239,-84.5625865,4.5,11,OPERATIONAL,Marietta,GA,30060,places_of_worship,2026-05-24 16:35:32,,,,,,,,,,,,,,,YE02,,2026-05-27 19:45:24,"AS01,DA20,DA30,DA40,FS01,FS04,FS05,FS07,GS05",4,Congregation NER Tamid,318075790,,Gutenstein,Elaine,F,,,6782648575,Huebsch,Bob,M,Director,,6782648575,Meyer,Wendy,F,Director,wendy.meyer@mynertamid.org,6782648575,Segal,Julie,F,,,6782648575,,,,,,
ChIJS3WSPr-kiogRbQK3-qZIKBg,Rodeph Sholom Congregation,"406 E 1st St, Rome, GA 30161, USA",(706) 291-6315,https://www.rodephsholomrome.org/,Synagogue,synagogue,34.2540354,-85.1699873,4.5,2,OPERATIONAL,Rome,GA,30161,places_of_worship,2026-05-24 16:43:03,,,,,,,,,,,,,,,YE02,,2026-05-27 19:45:24,"AS01,DA30,DA40,FS01,FS02,FS04,FS05,FS07,GS05",2,Rodeph Sholom Congregation,141856199,,Brant,Jeffrey,M,Executive Officer,j.brant@rodephsholom.org,7062916315,Saulson,Scott,M,Religious Leader,s.saulson@rodephsholom.org,7062916315,,,,,,,,,,,,,,,,,,
ChIJLQdSabMM9YgRv8mR_KUElcA,Temple Beth Tikvah,"9955 Coleman Rd, Roswell, GA 30075, USA",(770) 642-0434,http://www.bethtikvah.com/,Synagogue,synagogue,34.0230194,-84.3674804,4.8,41,OPERATIONAL,Roswell,GA,30075,places_of_worship,2026-05-24 16:37:51,,,,,,,,,,,,,,,YE02,,2026-05-27 19:45:24,"AS01,DA20,DA30,DA40,FS01,FS02,FS04,FS05,FS07,GS05",3,Temple Beth Tikvah,363207226,,Fred,Greene,M,,,7706420434,Graiser,Harlan,M,Chief Executive Officer,graiser@bethtikvah.com,7706420434,Jenifer,Friedman,U,Early Childhood Education Director,preschool@bethtikvah.com,7706420434,,,,,,,,,,,,